<window type="dialog">
    <defaultcontrol>2</defaultcontrol>
    <coordinates>
        <left>0</left>
        <top>0</top>
    </coordinates>
    <controls>
        <!-- Background Texture -->
        <control type="image">
            <texture>$INFO[Window().Property(texture.white)]</texture>
            <colordiffuse>FF000000</colordiffuse>
        </control>
        <control type="list" id="1100">
        </control>

        <!-- Background -->
        <control type="image">
            <top>0</top>
            <left>0</left>
            <width>1920</width>
            <height>1080</height>
        <!--    <texture background="true">$INFO[Window().Property(skin.dir)]/media/background.jpg</texture> -->
            <texture background="true">$INFO[Window().Property(item.art.fanart)]</texture>
        </control>
        
        <!-- MultiFanart -->
            <control type="group">
                <visible>Skin.HasSetting(SkinHelper.EnableExtraFanart) + System.HasAddon(script.artwork.helper)</visible>
            
                <control type="fadelabel" id="1010">
                    <info>Window().Property(item.art.fanart)</info>
                    <info>Window().Property(item.art.fanart1)</info>
                    <info>Window().Property(item.art.fanart2)</info>
                    <info>Window().Property(item.art.fanart3)</info>
                    <info>Window().Property(item.art.fanart4)</info>
                    <info>Window().Property(item.art.fanart5)</info>
                    <info>Window().Property(item.art.fanart6)</info>
                    <info>Window().Property(item.art.fanart7)</info>
                    <info>Window().Property(item.art.fanart8)</info>
                    <info>Window().Property(item.art.fanart9)</info>
                    <info>Window().Property(item.art.fanart10)</info>
                    <info>Window().Property(item.art.fanart11)</info>
                    <info>Window().Property(item.art.fanart12)</info>
                    <info>Window().Property(item.art.fanart13)</info>
                    <info>Window().Property(item.art.fanart14)</info>
                    <info>Window().Property(item.art.fanart15)</info>
                    <info>Window().Property(item.art.fanart16)</info>
                    <info>Window().Property(item.art.fanart17)</info>
                    <info>Window().Property(item.art.fanart18)</info>
                    <info>Window().Property(item.art.fanart19)</info>
                    <info>Window().Property(item.art.fanart20)</info>
                    <randomize>true</randomize>
                    <pauseatend>8000</pauseatend>
                    <scroll>false</scroll>
                    <scrollout>false</scrollout>
                    <resetonlabelchange>true</resetonlabelchange>
                    <textcolor>0x00000000</textcolor>
                </control>
                
                <!-- Background -->
                <control type="multiimage">
                    <imagepath background="true">$INFO[Control.GetLabel(1010)]</imagepath>
                    <timeperimage>4000</timeperimage>
                    <fadetime>1000</fadetime>
                    <pauseatend>12000</pauseatend>
                    <randomize>true</randomize>
                    <loop>no</loop>
                </control>
            </control>

        <control type="image">
            <top>0</top>
            <left>0</left>
            <width>1920</width>
            <height>1080</height>
            <texture background="true">$INFO[Window().Property(texture.white)]</texture> 
            <colordiffuse>CC000000</colordiffuse>
        </control>

        <!-- Side Info -->
        <control type="group">
            <top>120</top>
            <left>1400</left>
            <control type="label">
                <top>-900</top>
                <width>400</width>
                <font>font12</font>
                <textcolor>AAFFFFFF</textcolor>
                <align>center</align>
                <aligny>center</aligny>
                <visible>!String.IsEmpty(Window().Property(item.info.season))</visible>
                <label>Season: [COLOR $INFO[Window().Property(settings.color)]]$INFO[Window().Property(item.info.season)] [/COLOR] | Episode: [COLOR $INFO[Window().Property(settings.color)]]$INFO[Window().Property(item.info.episode)][/COLOR]</label>
            </control>
            <control type="image">
                <width>400</width>
                <height>600</height>
                <top>50</top>
                <texture background="true">$INFO[Window().Property(item.art.poster)]</texture>
            </control>

            <control type="group">
                <top>420</top>
                <control type="label">
                    <top>20</top>
                    <width>400</width>
                    <font>font14</font>
                    <textcolor>AAFFFFFF</textcolor>
                    <align>center</align>
                    <aligny>center</aligny>
                    <label>[COLOR $INFO[Window().Property(settings.color)]]$INFO[Window().Property(item.info.title)] [/COLOR]</label>
                </control>
                <control type="label">
                    <top>150</top>
                    <width>400</width>
                    <font>font12</font>
                    <textcolor>AAFFFFFF</textcolor>
                    <align>center</align>
                    <aligny>center</aligny>
                    <visible>String.IsEmpty(Window().Property(item.info.season))</visible>
                    <label>Year: [COLOR $INFO[Window().Property(settings.color)]]$INFO[Window().Property(item.info.year)] [/COLOR] | Rating: [COLOR $INFO[Window().Property(settings.color)]]$INFO[Window().Property(item.info.rating)][/COLOR]
                    </label>
                </control>
                <control type="label">
                    <top>120</top>
                    <width>400</width>
                    <font>font12</font>
                    <textcolor>AAFFFFFF</textcolor>
                    <align>center</align>
                    <aligny>center</aligny>
                    <visible>!String.IsEmpty(Window().Property(item.info.season))</visible>
                    <label>Aired: [COLOR $INFO[Window().Property(settings.color)]]$INFO[Window().Property(item.info.aired)] [/COLOR]</label>
                </control>

                <control type="textbox">
                    <wrapmultiline>true</wrapmultiline>
                    <top>360</top>
                    <left>-70</left>
                    <height min="20" max="130">auto</height>
                    <width>550</width>
                    <font>font12</font>
                    <textcolor>AAFFFFFF</textcolor>
                    <align>center</align>
                    <label>$INFO[Window().Property(item.info.plot)]</label>
             </control>
            </control>
        </control>

        <!-- Top Logo/picture  -->
        <control type="image" id="1001">
            <top>-935</top>
            <left>550</left>
            <width>400</width>
            <aspectratio>keep</aspectratio>
            <texture background="true">$INFO[Window().Property(item.art.clearlogo)]</texture>
        </control>


        <!-- Sockeye Ico -->
        <control type="image" id="1001">
            <top>-250</top>
            <left>700</left>
            <width>100</width>
            <aspectratio>keep</aspectratio>
            <texture>$INFO[Window().Property(Sockeye.logo)]</texture>
        </control>

        <control type="label">
            <left>-200</left>
            <top>10</top>
            <width>100%</width>
            <font>font12</font>
            <align>center</align>
            <aligny>center</aligny>
            <textcolor>FFDDDDDD</textcolor>
            <label>$INFO[Window().Property(notification_text)]</label>
        </control>
    </controls>
</window>
